<?xml version="1.0" encoding="utf-8"?>
<defines>
  <define name="Base">
    <item name="preferenceFrameLayoutStyle">@style/Holo.PreferenceFrameLayout</item>
    <item name="preferenceScreenStyle">@style/Holo.PreferenceScreen</item>
    <item name="preferenceFragmentStyle">@style/Holo.PreferenceFragment</item>
    <item name="preferenceCategoryStyle">@style/Holo.PreferenceCategory</item>
    <item name="preferenceStyle">@style/Holo.Preference</item>
    <item name="preferenceInformationStyle">@style/Holo.PreferenceInformation</item>
    <item name="checkBoxPreferenceStyle">@style/Holo.PreferenceCheckBox</item>
    <item name="dialogPreferenceStyle">@style/Holo.PreferenceDialog</item>
    <item name="yesNoPreferenceStyle">@style/Holo.PreferenceDialog.YesNoPreference</item>
    <item name="editTextPreferenceStyle">@style/Holo.PreferenceDialog.EditTextPreference</item>
    <item name="numberPickerPreferenceStyle">@style/Holo.PreferenceDialog.NumberPickerPreference</item>
    <item name="ringtonePreferenceStyle">@style/Holo.PreferenceRingtone</item>
    <item name="preferenceLayoutChild">@layout/preference_child_holo</item>
    <item name="preferencePanelStyle">@style/Holo.PreferencePanel</item>
    <item name="switchPreferenceStyle">@style/Holo.PreferenceSwitch</item>
    <item name="seekBarPreferenceStyle">@style/Holo.PreferenceSeekBar</item>
    <item name="seekBarDialogPreferenceStyle">@style/Holo.PreferenceDialog.SeekBarDialogPreference</item>
    <item name="listPreferredItemHeight">64dip</item>
    <item name="dropdownListPreferredItemHeight">?listPreferredItemHeight</item>
    <item name="listPreferredItemHeightSmall">48dip</item>
    <item name="listPreferredItemHeightLarge">80dip</item>
    <item name="android:dividerVertical">?dividerVertical</item>
    <item name="dividerVertical">?android:listDivider</item>
    <item name="android:dividerHorizontal">?dividerHorizontal</item>
    <item name="dividerHorizontal">?android:listDivider</item>
    <item name="buttonBarStyle">@style/Holo.ButtonBar</item>
    <item name="buttonBarButtonStyle">?borderlessButtonStyle</item>
    <item name="numberPickerInputTextStyle">@style/Holo.EditText.NumberPickerInputText</item>
    <item name="numberPickerStyle">@style/Holo.NumberPicker</item>
    <item name="datePickerStyle">@style/Holo.DatePicker</item>
    <item name="timePickerStyle">@style/Holo.TimePicker</item>
    <item name="panelMenuListWidth">250dip</item>
    <item name="textAppearanceListItemSmall">?android:attr/textAppearanceMedium</item>
  </define>
  <define name="BaseDark">
    <include name="Base" />
    <item name="android:windowBackground">@drawable/background_holo_dark</item>
    <item name="android:dialogTheme">@style/Holo.Theme.Dialog</item>
    <item name="alertDialogStyle">@style/Holo.AlertDialog</item>
    <item name="alertDialogTheme">@style/Holo.Theme.Dialog.Alert</item>
    <item name="switchStyle">@style/Holo.Switch</item>
    <item name="switchStyleOld">@style/Holo.Switch.Old</item>
    <item name="listDividerAlertDialog">@drawable/list_divider_holo_dark</item>
    <item name="selectableItemBackground">@drawable/item_background_holo_dark</item>
    <item name="borderlessButtonStyle">@style/Holo.Button.Borderless</item>
    <item name="segmentedButtonStyle">@style/Holo.SegmentedButton</item>
    <item name="calendarViewStyle">@style/Holo.CalendarView</item>
    <item name="textColorAlertDialogListItem">@color/primary_text_holo_dark</item>
    <item name="spinnerStyle">@style/Holo.Spinner</item>
    <item name="spinnerItemStyle">@style/Holo.TextView.SpinnerItem</item>
    <item name="spinnerDropDownItemStyle">@style/Holo.TextView.SpinnerItem.DropDown</item>
    <item name="android:popupWindowStyle">@style/Holo.PopupWindow</item>
    <item name="listPopupWindowStyle">@style/Holo.ListPopupWindow</item>
    <item name="dropDownListViewStyle">@style/Holo.ListView.DropDown</item>
    <item name="autoCompleteTextViewStyle">@style/Holo.AutoCompleteTextView</item>
    <item name="textAppearanceLargePopupMenu">@style/Holo.TextAppearance.PopupMenu.Large</item>
    <item name="textAppearanceSmallPopupMenu">@style/Holo.TextAppearance.PopupMenu.Small</item>
  </define>
  <define name="BaseLight">
    <include name="Base" />
    <item name="android:windowBackground">@drawable/background_holo_light</item>
    <item name="android:dialogTheme">@style/Holo.Theme.Dialog.Light</item>
    <item name="alertDialogStyle">@style/Holo.AlertDialog.Light</item>
    <item name="alertDialogTheme">@style/Holo.Theme.Dialog.Alert.Light</item>
    <item name="switchStyle">@style/Holo.Switch.Light</item>
    <item name="switchStyleOld">@style/Holo.Switch.Light.Old</item>
    <item name="listDividerAlertDialog">@drawable/list_divider_holo_light</item>
    <item name="selectableItemBackground">@drawable/item_background_holo_light</item>
    <item name="borderlessButtonStyle">@style/Holo.Button.Borderless.Light</item>
    <item name="segmentedButtonStyle">@style/Holo.SegmentedButton.Light</item>
    <item name="calendarViewStyle">@style/Holo.CalendarView.Light</item>
    <item name="textColorAlertDialogListItem">@color/primary_text_holo_light</item>
    <item name="spinnerStyle">@style/Holo.Spinner.Light</item>
    <item name="spinnerItemStyle">@style/Holo.TextView.SpinnerItem.Light</item>
    <item name="spinnerDropDownItemStyle">@style/Holo.TextView.SpinnerItem.DropDown.Light</item>
    <item name="android:popupWindowStyle">@style/Holo.PopupWindow.Light</item>
    <item name="listPopupWindowStyle">@style/Holo.ListPopupWindow.Light</item>
    <item name="dropDownListViewStyle">@style/Holo.ListView.DropDown.Light</item>
    <item name="autoCompleteTextViewStyle">@style/Holo.AutoCompleteTextView.Light</item>
    <item name="textAppearanceLargePopupMenu">@style/Holo.TextAppearance.PopupMenu.Light.Large</item>
    <item name="textAppearanceSmallPopupMenu">@style/Holo.TextAppearance.PopupMenu.Light.Small</item>
  </define>
  <define name="ThemeData">
    <item name="android:scrollbarFadeDuration">250</item>
    <item name="android:scrollbarDefaultDelayBeforeFade">300</item>
    <item name="android:scrollbarSize">10dip</item>
    <item name="android:scrollbarTrackHorizontal">@null</item>
    <item name="android:scrollbarTrackVertical">@null</item>
    <item name="android:progressBarStyle">@style/Holo.ProgressBar</item>
    <item name="android:progressBarStyleSmall">@style/Holo.ProgressBar.Small</item>
    <item name="android:progressBarStyleLarge">@style/Holo.ProgressBar.Large</item>
    <item name="android:divider">?android:listDivider</item>
    <item name="android:activatedBackgroundIndicator">@drawable/activated_background_holo</item>
    <item name="android:spinnerItemStyle">@style/Holo.TextView.SpinnerItem</item>
    <item name="android:dropDownItemStyle">@style/Holo.DropDownItem</item>
  </define>
  <define name="DarkThemeData">
    <include name="ThemeData" />
    <include name="BaseDark" />
    <include name="DarkTextColors" />
    <item name="android:progressBarStyleHorizontal">@style/Holo.ProgressBar.Horizontal</item>
    <item name="android:listViewStyle">@style/Holo.ListView</item>
    <item name="android:expandableListViewStyle">@style/Holo.ExpandableListView</item>
    <item name="android:buttonStyle">@style/Holo.Button</item>
    <item name="android:buttonStyleToggle">@style/Holo.Button.Toggle</item>
    <item name="android:imageButtonStyle">@style/Holo.ImageButton</item>
    <item name="android:editTextStyle">@style/Holo.EditText</item>
    <item name="android:radioButtonStyle">@style/Holo.CompoundButton.RadioButton</item>
    <item name="android:checkboxStyle">@style/Holo.CompoundButton.CheckBox</item>
    <item name="android:seekBarStyle">@style/Holo.SeekBar</item>
    <item name="android:ratingBarStyle">@style/Holo.RatingBar</item>
    <item name="android:ratingBarStyleIndicator">@style/Holo.RatingBar.Indicator</item>
    <item name="android:ratingBarStyleSmall">@style/Holo.RatingBar.Small</item>
    <item name="android:scrollbarThumbHorizontal">@drawable/scrollbar_handle_holo_dark</item>
    <item name="android:scrollbarThumbVertical">@drawable/scrollbar_handle_holo_dark</item>
    <item name="android:listChoiceBackgroundIndicator">@drawable/list_selector_holo_dark</item>
    <item name="android:listSelector">@drawable/list_selector_holo_dark</item>
    <item name="android:listDivider">@drawable/list_divider_holo_dark</item>
    <item name="android:listChoiceIndicatorSingle">@drawable/btn_radio_holo_dark</item>
    <item name="android:listChoiceIndicatorMultiple">@drawable/btn_checkbox_holo_dark</item>
    <item name="android:listSeparatorTextViewStyle">@style/Holo.TextView.ListSeparator</item>
  </define>
  <define name="LightThemeData">
    <include name="ThemeData" />
    <include name="BaseLight" />
    <include name="LightTextColors" />
    <item name="android:progressBarStyleHorizontal">@style/Holo.ProgressBar.Horizontal.Light</item>
    <item name="android:listViewStyle">@style/Holo.ListView.Light</item>
    <item name="android:expandableListViewStyle">@style/Holo.ExpandableListView.Light</item>
    <item name="android:buttonStyle">@style/Holo.Button.Light</item>
    <item name="android:buttonStyleToggle">@style/Holo.Button.Toggle.Light</item>
    <item name="android:imageButtonStyle">@style/Holo.ImageButton.Light</item>
    <item name="android:editTextStyle">@style/Holo.EditText.Light</item>
    <item name="android:radioButtonStyle">@style/Holo.CompoundButton.RadioButton.Light</item>
    <item name="android:checkboxStyle">@style/Holo.CompoundButton.CheckBox.Light</item>
    <item name="android:seekBarStyle">@style/Holo.SeekBar.Light</item>
    <item name="android:ratingBarStyle">@style/Holo.RatingBar.Light</item>
    <item name="android:ratingBarStyleIndicator">@style/Holo.RatingBar.Indicator.Light</item>
    <item name="android:ratingBarStyleSmall">@style/Holo.RatingBar.Small.Light</item>
    <item name="android:scrollbarThumbHorizontal">@drawable/scrollbar_handle_holo_light</item>
    <item name="android:scrollbarThumbVertical">@drawable/scrollbar_handle_holo_light</item>
    <item name="android:listChoiceBackgroundIndicator">@drawable/list_selector_holo_light</item>
    <item name="android:listSelector">@drawable/list_selector_holo_light</item>
    <item name="android:listDivider">@drawable/list_divider_holo_light</item>
    <item name="android:listChoiceIndicatorSingle">@drawable/btn_radio_holo_light</item>
    <item name="android:listChoiceIndicatorMultiple">@drawable/btn_checkbox_holo_light</item>
    <item name="android:listSeparatorTextViewStyle">@style/Holo.TextView.ListSeparator.Light</item>
  </define>
  <define name="NoActionBar">
    <item name="android:windowActionBar">false</item>
    <item name="windowActionBar">false</item>
    <item name="android:windowNoTitle">true</item>
    <item name="windowNoTitle">true</item>
  </define>
  <define name="Fullscreen">
    <item name="android:windowFullscreen">true</item>
    <item name="android:windowContentOverlay">@null</item>
    <item name="windowContentOverlay">@null</item>
  </define>
  <define name="TextColors">
    <item name="android:textColorLink">@color/holo_blue_light</item>
    <item name="android:candidatesTextStyleSpans">@string/candidates_style</item>
    <item name="android:textCheckMark">?android:checkMark</item>
    <item name="android:textCheckMarkInverse">?android:checkMark</item>
  </define>
  <define name="DarkTextColors">
    <include name="TextColors" />
    <item name="android:textAppearance">@style/Holo.TextAppearance</item>
    <item name="android:textAppearanceInverse">@style/Holo.TextAppearance.Inverse</item>
    <item name="android:textAppearanceLarge">@style/Holo.TextAppearance.Large</item>
    <item name="android:textAppearanceMedium">@style/Holo.TextAppearance.Medium</item>
    <item name="android:textAppearanceSmall">@style/Holo.TextAppearance.Small</item>
    <item name="android:textAppearanceLargeInverse">@style/Holo.TextAppearance.Large.Inverse</item>
    <item name="android:textAppearanceMediumInverse">@style/Holo.TextAppearance.Medium.Inverse</item>
    <item name="android:textAppearanceSmallInverse">@style/Holo.TextAppearance.Small.Inverse</item>
    <item name="android:textColorPrimary">@color/primary_text_holo_dark</item>
    <item name="android:textColorSecondary">@color/secondary_text_holo_dark</item>
    <item name="android:textColorTertiary">@color/tertiary_text_holo_dark</item>
    <item name="android:textColorPrimaryInverse">@color/primary_text_holo_light</item>
    <item name="android:textColorSecondaryInverse">@color/secondary_text_holo_light</item>
    <item name="android:textColorTertiaryInverse">@color/tertiary_text_holo_light</item>
    <item name="android:textColorPrimaryDisableOnly">@color/primary_text_disable_only_holo_dark</item>
    <item name="android:textColorPrimaryInverseDisableOnly">@color/primary_text_disable_only_holo_light</item>
    <item name="android:textColorPrimaryNoDisable">@color/primary_text_nodisable_holo_dark</item>
    <item name="android:textColorSecondaryNoDisable">@color/secondary_text_nodisable_holo_dark</item>
    <item name="android:textColorPrimaryInverseNoDisable">@color/primary_text_nodisable_holo_light</item>
    <item name="android:textColorSecondaryInverseNoDisable">@color/secondary_text_nodisable_holo_light</item>
    <item name="android:textColorHint">@color/hint_foreground_holo_dark</item>
    <item name="android:textColorHintInverse">@color/hint_foreground_holo_light</item>
    <item name="android:textColorHighlight">@color/highlighted_text_holo_dark</item>
  </define>
  <define name="LightTextColors">
    <include name="TextColors" />
    <item name="android:textAppearance">@style/Holo.TextAppearance.Light</item>
    <item name="android:textAppearanceInverse">@style/Holo.TextAppearance.Inverse.Light</item>
    <item name="android:textAppearanceLarge">@style/Holo.TextAppearance.Large.Light</item>
    <item name="android:textAppearanceMedium">@style/Holo.TextAppearance.Medium.Light</item>
    <item name="android:textAppearanceSmall">@style/Holo.TextAppearance.Small.Light</item>
    <item name="android:textAppearanceLargeInverse">@style/Holo.TextAppearance.Large.Inverse.Light</item>
    <item name="android:textAppearanceMediumInverse">@style/Holo.TextAppearance.Medium.Inverse.Light</item>
    <item name="android:textAppearanceSmallInverse">@style/Holo.TextAppearance.Small.Inverse.Light</item>
    <item name="android:textColorPrimary">@color/primary_text_holo_light</item>
    <item name="android:textColorSecondary">@color/secondary_text_holo_light</item>
    <item name="android:textColorTertiary">@color/tertiary_text_holo_light</item>
    <item name="android:textColorPrimaryInverse">@color/primary_text_holo_dark</item>
    <item name="android:textColorSecondaryInverse">@color/secondary_text_holo_dark</item>
    <item name="android:textColorTertiaryInverse">@color/tertiary_text_holo_dark</item>
    <item name="android:textColorPrimaryDisableOnly">@color/primary_text_disable_only_holo_light</item>
    <item name="android:textColorPrimaryInverseDisableOnly">@color/primary_text_disable_only_holo_dark</item>
    <item name="android:textColorPrimaryNoDisable">@color/primary_text_nodisable_holo_light</item>
    <item name="android:textColorSecondaryNoDisable">@color/secondary_text_nodisable_holo_light</item>
    <item name="android:textColorPrimaryInverseNoDisable">@color/primary_text_nodisable_holo_dark</item>
    <item name="android:textColorSecondaryInverseNoDisable">@color/secondary_text_nodisable_holo_dark</item>
    <item name="android:textColorHint">@color/hint_foreground_holo_light</item>
    <item name="android:textColorHintInverse">@color/hint_foreground_holo_dark</item>
    <item name="android:textColorHighlight">@color/highlighted_text_holo_light</item>
  </define>
</defines>
