<?xml version="1.0" encoding="utf-8"?>
<resources>
  <define file="base.xml" />
  <!-- Dark themes -->
  <style name="Holo.Theme" parent="android:Theme.Holo">
    <include name="BaseDark" />
  </style>
  <style name="Holo.Theme.Sherlock" parent="Theme.Sherlock">
	<include name="BaseDark" />
  </style>
  <!-- Light themes -->
  <style name="Holo.Theme.Light" parent="android:Theme.Holo.Light">
    <include name="BaseLight" />
  </style>
  <style name="Holo.Theme.Light.DarkActionBar" parent="android:Theme.Holo.Light.DarkActionBar">
    <include name="BaseLight" />
  </style>
  <style name="Holo.Theme.Sherlock.Light" parent="Theme.Sherlock.Light">
    <include name="BaseLight" />
  </style>
  <style name="Holo.Theme.Sherlock.Light.DarkActionBar" parent="Theme.Sherlock.Light.DarkActionBar">
    <include name="BaseLight" />
  </style>
</resources>
