<?xml version="1.0" encoding="utf-8"?>
<resources>
  <define file="base.xml" />
  <style name="Holo" />
  <style name="Holo.ListView" parent="@android:style/Widget.AbsListView">
    <item name="android:scrollbars">vertical</item>
    <item name="android:fadingEdge">vertical</item>
    <item name="android:listDivider">@drawable/list_divider_holo_dark</item>
    <item name="android:cacheColorHint">@drawable/background_cache_hint_selector_holo_dark</item>
    <item name="android:divider">@drawable/list_divider_holo_dark</item>
    <item name="android:listSelector">@drawable/list_selector_holo_dark</item>
  </style>
  <style name="Holo.ListView.Light">
    <item name="android:listDivider">@drawable/list_divider_holo_light</item>
    <item name="android:cacheColorHint">@drawable/background_cache_hint_selector_holo_light</item>
    <item name="android:divider">@drawable/list_divider_holo_light</item>
    <item name="android:listSelector">@drawable/list_selector_holo_light</item>
  </style>
  <style name="Holo.ListView.DropDown" />
  <style name="Holo.ListView.DropDown.Light" parent="Holo.ListView.Light" />
  <style name="Holo.ExpandableListView" parent="Holo.ListView">
    <item name="android:groupIndicator">@drawable/expander_group_holo_dark</item>
    <item name="android:indicatorLeft">?android:attr/expandableListPreferredItemIndicatorLeft</item>
    <item name="android:indicatorRight">?android:attr/expandableListPreferredItemIndicatorRight</item>
    <item name="android:childDivider">?android:attr/listDivider</item>
  </style>
  <style name="Holo.ExpandableListView.Light" parent="Holo.ListView.Light">
    <item name="android:groupIndicator">@drawable/expander_group_holo_light</item>
    <item name="android:indicatorLeft">?android:attr/expandableListPreferredItemIndicatorLeft</item>
    <item name="android:indicatorRight">?android:attr/expandableListPreferredItemIndicatorRight</item>
    <item name="android:childDivider">?android:attr/listDivider</item>
  </style>
  <style name="Holo.AlertDialog">
    <item name="fullDark">@drawable/dialog_full_holo_dark</item>
    <item name="topDark">@drawable/dialog_top_holo_dark</item>
    <item name="centerDark">@drawable/dialog_middle_holo_dark</item>
    <item name="bottomDark">@drawable/dialog_bottom_holo_dark</item>
    <item name="fullBright">@drawable/dialog_full_holo_dark</item>
    <item name="centerBright">@drawable/dialog_middle_holo_dark</item>
    <item name="bottomBright">@drawable/dialog_bottom_holo_dark</item>
    <item name="bottomMedium">@drawable/dialog_bottom_holo_dark</item>
    <item name="centerMedium">@drawable/dialog_middle_holo_dark</item>
    <item name="layout">@layout/alert_dialog_holo</item>
    <item name="listLayout">@layout/select_dialog_holo</item>
    <item name="progressLayout">@layout/progress_dialog_holo</item>
    <item name="horizontalProgressLayout">@layout/alert_dialog_progress_holo</item>
    <item name="listItemLayout">@layout/select_dialog_item_holo</item>
    <item name="multiChoiceItemLayout">@layout/select_dialog_multichoice_holo</item>
    <item name="singleChoiceItemLayout">@layout/select_dialog_singlechoice_holo</item>
  </style>
  <style name="Holo.AlertDialog.Light">
    <item name="fullDark">@drawable/dialog_full_holo_light</item>
    <item name="topDark">@drawable/dialog_top_holo_light</item>
    <item name="centerDark">@drawable/dialog_middle_holo_light</item>
    <item name="bottomDark">@drawable/dialog_bottom_holo_light</item>
    <item name="fullBright">@drawable/dialog_full_holo_light</item>
    <item name="centerBright">@drawable/dialog_middle_holo_light</item>
    <item name="bottomBright">@drawable/dialog_bottom_holo_light</item>
    <item name="bottomMedium">@drawable/dialog_bottom_holo_light</item>
    <item name="centerMedium">@drawable/dialog_middle_holo_light</item>
  </style>
  <style name="Holo.Button">
    <item name="android:focusable">true</item>
    <item name="android:clickable">true</item>
    <item name="android:gravity">center</item>
    <item name="android:background">@drawable/btn_default_holo_dark</item>
    <item name="android:textAppearance">?android:attr/textAppearanceMedium</item>
    <item name="android:textColor">?android:textColorPrimary</item>
    <item name="android:minHeight">48dip</item>
    <item name="android:minWidth">64dip</item>
  </style>
  <style name="Holo.Button.Light">
    <item name="android:background">@drawable/btn_default_holo_light</item>
  </style>
  <style name="Holo.Button.Toggle">
    <item name="android:background">@drawable/btn_toggle_holo_dark</item>
    <item name="android:textOn">@string/capital_on</item>
    <item name="android:textOff">@string/capital_off</item>
  </style>
  <style name="Holo.Button.Toggle.Light" parent="Holo.Button.Light">
    <item name="android:background">@drawable/btn_toggle_holo_light</item>
    <item name="android:textOn">@string/capital_on</item>
    <item name="android:textOff">@string/capital_off</item>
  </style>
  <style name="Holo.Button.Borderless">
    <item name="android:background">?selectableItemBackground</item>
    <item name="android:paddingLeft">4dip</item>
    <item name="android:paddingRight">4dip</item>
  </style>
  <style name="Holo.Button.Borderless.Light" parent="Holo.Button.Light">
    <item name="android:background">?selectableItemBackground</item>
    <item name="android:paddingLeft">4dip</item>
    <item name="android:paddingRight">4dip</item>
  </style>
  <style name="Holo.Button.Borderless.Small">
    <item name="android:textSize">14sp</item>
  </style>
  <style name="Holo.Button.Borderless.Small.Light" parent="Holo.Button.Borderless.Light">
    <item name="android:textSize">14sp</item>
  </style>
  <style name="Holo.Button.Small">
    <item name="android:background">@drawable/btn_default_holo_dark</item>
    <item name="android:textAppearance">?android:textAppearanceSmall</item>
    <item name="android:textColor">@color/primary_text_holo_dark</item>
    <item name="android:minHeight">48dip</item>
    <item name="android:minWidth">48dip</item>
  </style>
  <style name="Holo.Button.Small.Light" parent="Holo.Button.Light">
    <item name="android:background">@drawable/btn_default_holo_light</item>
    <item name="android:textAppearance">?android:textAppearanceSmall</item>
    <item name="android:textColor">@color/primary_text_holo_light</item>
    <item name="android:minHeight">48dip</item>
    <item name="android:minWidth">48dip</item>
  </style>
  <style name="Holo.ImageButton">
    <item name="android:background">@drawable/btn_default_holo_dark</item>
    <item name="android:focusable">true</item>
    <item name="android:clickable">true</item>
    <item name="android:scaleType">center</item>
  </style>
  <style name="Holo.ImageButton.Light">
    <item name="android:background">@drawable/btn_default_holo_light</item>
  </style>
  <style name="Holo.EditText">
    <item name="android:background">@drawable/edit_text_holo_dark</item>
    <item name="android:focusable">true</item>
    <item name="android:focusableInTouchMode">true</item>
    <item name="android:clickable">true</item>
    <item name="android:textAppearance">?android:textAppearanceMediumInverse</item>
    <item name="android:gravity">center_vertical</item>
    <item name="android:textColor">?android:textColorPrimary</item>
  </style>
  <style name="Holo.EditText.Light">
    <item name="android:background">@drawable/edit_text_holo_light</item>
  </style>
  <style name="Holo.CompoundButton">
    <item name="android:focusable">true</item>
    <item name="android:clickable">true</item>
    <item name="android:textAppearance">?android:attr/textAppearance</item>
    <item name="android:textColor">?android:attr/textColorPrimaryDisableOnly</item>
    <item name="android:gravity">center_vertical|left</item>
  </style>
  <style name="Holo.CompoundButton.RadioButton">
    <item name="android:background">@drawable/btn_radio_label_background</item>
    <item name="android:button">?android:attr/listChoiceIndicatorSingle</item>
  </style>
  <style name="Holo.CompoundButton.RadioButton.Light" />
  <style name="Holo.CompoundButton.CheckBox">
    <item name="android:background">@drawable/btn_check_label_background</item>
    <item name="android:button">?android:attr/listChoiceIndicatorMultiple</item>
  </style>
  <style name="Holo.CompoundButton.CheckBox.Light" />
  <style name="Holo.SeekBar" parent="@android:Widget.SeekBar">
    <item name="android:indeterminateOnly">false</item>
    <item name="android:progressDrawable">@drawable/scrubber_progress_horizontal_holo_dark</item>
    <item name="android:indeterminateDrawable">@drawable/scrubber_progress_horizontal_holo_dark</item>
    <item name="android:minHeight">13dip</item>
    <item name="android:maxHeight">13dip</item>
    <item name="android:thumb">@drawable/scrubber_control_selector_holo</item>
    <item name="android:thumbOffset">16dip</item>
    <item name="android:focusable">true</item>
    <item name="android:paddingLeft">16dip</item>
    <item name="android:paddingRight">16dip</item>
  </style>
  <style name="Holo.SeekBar.Light">
    <item name="android:progressDrawable">@drawable/scrubber_progress_horizontal_holo_light</item>
    <item name="android:indeterminateDrawable">@drawable/scrubber_progress_horizontal_holo_light</item>
  </style>
  <style name="Holo.ProgressBar" parent="@android:style/Widget.ProgressBar">
    <item name="android:indeterminateDrawable">@drawable/progress_medium_holo</item>
  </style>
  <style name="Holo.ProgressBar.Horizontal" parent="@android:style/Widget.ProgressBar.Horizontal">
    <item name="android:progressDrawable">@drawable/progress_horizontal_holo_dark</item>
    <item name="android:indeterminateDrawable">@drawable/progress_indeterminate_horizontal_holo</item>
    <item name="android:minHeight">16dip</item>
    <item name="android:maxHeight">16dip</item>
  </style>
  <style name="Holo.ProgressBar.Horizontal.Light">
    <item name="android:progressDrawable">@drawable/progress_horizontal_holo_light</item>
  </style>
  <style name="Holo.ProgressBar.Small" parent="@android:style/Widget.ProgressBar.Small">
    <item name="android:indeterminateDrawable">@drawable/progress_small_holo</item>
  </style>
  <style name="Holo.ProgressBar.Large" parent="@android:style/Widget.ProgressBar.Large">
    <item name="android:indeterminateDrawable">@drawable/progress_large_holo</item>
  </style>
  <style name="Holo.Spinner">
    <item name="android:clickable">true</item>
    <item name="spinnerMode">dropdown</item>
    <item name="android:background">@drawable/spinner_background_holo_dark</item>
    <item name="android:dropDownSelector">@drawable/list_selector_holo_dark</item>
    <item name="android:popupBackground">@drawable/menu_dropdown_panel_holo_dark</item>
    <item name="dropDownVerticalOffset">0dip</item>
    <item name="dropDownHorizontalOffset">0dip</item>
    <item name="android:dropDownWidth">wrap_content</item>
    <item name="android:gravity">left|center_vertical</item>
  </style>
  <style name="Holo.Spinner.Light">
    <item name="android:background">@drawable/spinner_background_holo_light</item>
    <item name="android:dropDownSelector">@drawable/list_selector_holo_light</item>
    <item name="android:popupBackground">@drawable/menu_dropdown_panel_holo_light</item>
  </style>
  <style name="Holo.TextView" />
  <style name="Holo.TextView.SpinnerItem">
    <item name="gravity">left|center_vertical</item>
    <item name="android:gravity">left|center_vertical</item>
    <item name="android:textAppearance">@style/Holo.TextAppearance.TextView.SpinnerItem</item>
    <item name="android:paddingLeft">8dp</item>
    <item name="android:paddingRight">8dp</item>
  </style>
  <style name="Holo.TextView.SpinnerItem.Light">
    <item name="android:textAppearance">@style/Holo.TextAppearance.TextView.SpinnerItem.Light</item>
  </style>
  <style name="Holo.TextView.SpinnerItem.DropDown">
    <item name="android:paddingLeft">8dp</item>
    <item name="android:paddingRight">8dp</item>
  </style>
  <style name="Holo.TextView.SpinnerItem.DropDown.Light" parent="Holo.TextView.SpinnerItem.Light">
    <item name="android:paddingLeft">8dp</item>
    <item name="android:paddingRight">8dp</item>
  </style>
  <style name="Holo.RatingBar" parent="@android:style/Widget.RatingBar">
    <item name="android:indeterminateOnly">false</item>
    <item name="android:progressDrawable">@drawable/ratingbar_full_holo_dark</item>
    <item name="android:indeterminateDrawable">@drawable/ratingbar_full_holo_dark</item>
    <item name="android:minHeight">57dip</item>
    <item name="android:maxHeight">57dip</item>
    <item name="android:thumb">@null</item>
  </style>
  <style name="Holo.RatingBar.Light">
    <item name="android:progressDrawable">@drawable/ratingbar_full_holo_light</item>
    <item name="android:indeterminateDrawable">@drawable/ratingbar_full_holo_light</item>
  </style>
  <style name="Holo.RatingBar.Small">
    <item name="android:progressDrawable">@drawable/ratingbar_small_holo_dark</item>
    <item name="android:indeterminateDrawable">@drawable/ratingbar_small_holo_dark</item>
    <item name="android:minHeight">16dip</item>
    <item name="android:maxHeight">16dip</item>
  </style>
  <style name="Holo.RatingBar.Small.Light">
    <item name="android:progressDrawable">@drawable/ratingbar_small_holo_light</item>
    <item name="android:indeterminateDrawable">@drawable/ratingbar_small_holo_light</item>
  </style>
  <style name="Holo.RatingBar.Indicator">
    <item name="android:indeterminateOnly">false</item>
    <item name="android:thumb">@null</item>
    <item name="android:isIndicator">true</item>
    <item name="android:progressDrawable">@drawable/ratingbar_holo_dark</item>
    <item name="android:indeterminateDrawable">@drawable/ratingbar_holo_dark</item>
    <item name="android:minHeight">35dip</item>
    <item name="android:maxHeight">35dip</item>
  </style>
  <style name="Holo.RatingBar.Indicator.Light">
    <item name="android:progressDrawable">@drawable/ratingbar_holo_light</item>
    <item name="android:indeterminateDrawable">@drawable/ratingbar_holo_light</item>
  </style>
  <style name="Holo.Preference">
    <item name="layout">@layout/preference_holo</item>
  </style>
  <style name="Holo.PreferenceFrameLayout">
    <item name="borderTop">0dip</item>
    <item name="borderBottom">@dimen/preference_fragment_padding_bottom</item>
    <item name="borderLeft">@dimen/preference_fragment_padding_side</item>
    <item name="borderRight">@dimen/preference_fragment_padding_side</item>
  </style>
  <style name="Holo.PreferenceScreen" />
  <style name="Holo.PreferenceFragment">
    <item name="android:paddingLeft">@dimen/preference_fragment_padding_side</item>
    <item name="android:paddingRight">@dimen/preference_fragment_padding_side</item>
  </style>
  <style name="Holo.PreferenceCategory">
    <item name="layout">@layout/preference_category_holo</item>
    <item name="shouldDisableView">false</item>
    <item name="selectable">false</item>
  </style>
  <style name="Holo.PreferenceInformation">
    <item name="layout">@layout/preference_information_holo</item>
    <item name="enabled">false</item>
    <item name="shouldDisableView">false</item>
  </style>
  <style name="Holo.PreferenceCheckBox">
    <item name="widgetLayout">@layout/preference_widget_checkbox</item>
  </style>
  <style name="Holo.PreferenceDialog">
    <item name="positiveButtonText">@android:string/ok</item>
    <item name="negativeButtonText">@android:string/cancel</item>
  </style>
  <style name="Holo.PreferenceDialog.YesNoPreference">
    <item name="positiveButtonText">@android:string/yes</item>
    <item name="negativeButtonText">@android:string/no</item>
  </style>
  <style name="Holo.PreferenceDialog.EditTextPreference">
    <item name="dialogLayout">@layout/preference_dialog_edittext</item>
  </style>
  <style name="Holo.PreferenceDialog.SeekBarDialogPreference">
    <item name="dialogLayout">@layout/preference_dialog_seekbar</item>
  </style>
  <style name="Holo.PreferenceDialog.NumberPickerPreference">
    <item name="min">0</item>
    <item name="max">10</item>
    <item name="dialogLayout">@layout/preference_dialog_numberpicker</item>
    <item name="wrapSelectorWheel">true</item>
  </style>
  <style name="Holo.PreferenceRingtone">
    <item name="ringtoneType">ringtone</item>
    <item name="showSilent">true</item>
    <item name="showDefault">true</item>
  </style>
  <style name="Holo.PreferencePanel" />
  <style name="Holo.PreferenceSwitch">
    <item name="widgetLayout">@layout/preference_widget_switch</item>
    <item name="switchTextOn">@string/capital_on</item>
    <item name="switchTextOff">@string/capital_off</item>
  </style>
  <style name="Holo.PreferenceSeekBar">
    <item name="layout">@layout/preference_widget_seekbar</item>
  </style>
  <style name="Holo.ButtonBar">
    <item name="android:paddingTop">0dip</item>
    <item name="android:paddingLeft">0dip</item>
    <item name="android:paddingRight">0dip</item>
    <item name="android:paddingBottom">0dip</item>
    <item name="android:divider">?dividerVertical</item>
    <item name="android:showDividers">middle</item>
    <item name="showDividers">middle</item>
    <item name="android:dividerPadding">12dip</item>
    <item name="dividerPadding">12dip</item>
    <item name="android:background">@null</item>
  </style>
  <style name="Holo.ButtonBar.AlertDialog">
    <item name="android:dividerPadding">0dip</item>
    <item name="dividerPadding">0dip</item>
  </style>
  <style name="Holo.SegmentedButton">
    <item name="android:divider">?dividerVertical</item>
    <item name="android:showDividers">middle</item>
    <item name="showDividers">middle</item>
    <item name="android:background">@drawable/btn_group_holo_dark</item>
  </style>
  <style name="Holo.SegmentedButton.Light">
    <item name="android:background">@drawable/btn_group_holo_light</item>
  </style>
  <style name="Holo.Animation" />
  <style name="Holo.Animation.Dialog">
    <item name="android:windowEnterAnimation">@anim/dialog_enter</item>
    <item name="android:windowExitAnimation">@anim/dialog_exit</item>
  </style>
  <style name="Holo.DialogWindowTitle">
    <item name="android:maxLines">1</item>
    <item name="android:scrollHorizontally">true</item>
    <item name="android:textAppearance">@style/Holo.TextAppearance.DialogWindowTitle</item>
  </style>
  <style name="Holo.DialogWindowTitle.Light">
    <item name="android:textAppearance">@style/Holo.TextAppearance.DialogWindowTitle.Light</item>
  </style>
  <style name="Holo.Theme.Dialog">
    <item name="android:windowFrame">@null</item>
    <item name="android:windowTitleStyle">@style/Holo.DialogWindowTitle</item>
    <item name="android:windowBackground">@drawable/dialog_full_holo_dark</item>
    <item name="android:windowIsFloating">true</item>
    <item name="android:windowContentOverlay">@null</item>
    <item name="windowContentOverlay">@null</item>
    <item name="android:windowAnimationStyle">@style/Holo.Animation.Dialog</item>
    <item name="windowAnimationStyle">@style/Holo.Animation.Dialog</item>
    <item name="android:windowSoftInputMode">stateUnspecified|adjustPan</item>
    <item name="android:windowActionBar">false</item>
    <item name="windowActionBar">false</item>
    <item name="android:windowActionModeOverlay">true</item>
    <item name="windowActionModeOverlay">true</item>
    <item name="android:colorBackgroundCacheHint">@null</item>
    <item name="buttonBarStyle">@style/Holo.ButtonBar.AlertDialog</item>
    <item name="borderlessButtonStyle">@style/Holo.Button.Borderless.Small</item>
    <item name="listPreferredItemPaddingLeft">16dip</item>
    <item name="listPreferredItemPaddingRight">16dip</item>
  </style>
  <style name="Holo.Theme.Dialog.Light" parent="Holo.Theme.Light">
    <item name="android:windowFrame">@null</item>
    <item name="android:windowTitleStyle">@style/Holo.DialogWindowTitle.Light</item>
    <item name="android:windowBackground">@drawable/dialog_full_holo_light</item>
    <item name="android:windowIsFloating">true</item>
    <item name="android:windowContentOverlay">@null</item>
    <item name="windowContentOverlay">@null</item>
    <item name="android:windowAnimationStyle">@style/Holo.Animation.Dialog</item>
    <item name="windowAnimationStyle">@style/Holo.Animation.Dialog</item>
    <item name="android:windowSoftInputMode">stateUnspecified|adjustPan</item>
    <item name="android:windowActionBar">false</item>
    <item name="windowActionBar">false</item>
    <item name="android:windowActionModeOverlay">true</item>
    <item name="windowActionModeOverlay">true</item>
    <item name="android:colorBackgroundCacheHint">@null</item>
    <item name="buttonBarStyle">@style/Holo.ButtonBar.AlertDialog</item>
    <item name="borderlessButtonStyle">@style/Holo.Button.Borderless.Small</item>
    <item name="listPreferredItemPaddingLeft">16dip</item>
    <item name="listPreferredItemPaddingRight">16dip</item>
  </style>
  <style name="Holo.Theme.Dialog.Alert">
    <item name="android:windowBackground">@drawable/transparent</item>
    <item name="android:windowMinWidthMajor">@dimen/dialog_min_width_major</item>
    <item name="android:windowMinWidthMinor">@dimen/dialog_min_width_minor</item>
  </style>
  <style name="Holo.Theme.Dialog.Alert.Light" parent="Holo.Theme.Dialog.Light">
    <item name="android:windowBackground">@drawable/transparent</item>
    <item name="android:windowMinWidthMajor">@dimen/dialog_min_width_major</item>
    <item name="android:windowMinWidthMinor">@dimen/dialog_min_width_minor</item>
  </style>
  <style name="Holo.TextView">
    <item name="android:textAppearance">?android:attr/textAppearanceSmall</item>
  </style>
  <style name="Holo.TextView.ListSeparator">
    <item name="android:layout_width">match_parent</item>
    <item name="android:layout_height">wrap_content</item>
    <item name="android:textStyle">bold</item>
    <item name="android:textColor">?android:textColorSecondary</item>
    <item name="android:textSize">14sp</item>
    <item name="android:gravity">center_vertical</item>
    <item name="android:paddingLeft">8dip</item>
    <item name="android:background">@drawable/list_section_divider_holo_dark</item>
    <item name="android:textAllCaps">true</item>
    <item name="textAllCaps">true</item>
  </style>
  <style name="Holo.TextView.ListSeparator.Light">
    <item name="android:background">@drawable/list_section_divider_holo_light</item>
  </style>
  <style name="Holo.Animation.DropDownDown">
    <item name="android:windowEnterAnimation">@anim/grow_fade_in</item>
    <item name="android:windowExitAnimation">@anim/shrink_fade_out</item>
  </style>
  <style name="Holo.Animation.DropDownUp">
    <item name="android:windowEnterAnimation">@anim/grow_fade_in_from_bottom</item>
    <item name="android:windowExitAnimation">@anim/shrink_fade_out_from_bottom</item>
  </style>
  <style name="Holo.NumberPicker">
    <item name="android:orientation">vertical</item>
    <item name="android:fadingEdge">vertical</item>
    <item name="android:fadingEdgeLength">50dip</item>
    <item name="android:layout">@layout/number_picker_with_selector_wheel</item>
    <item name="android:solidColor">@android:color/transparent</item>
    <item name="selectionDivider">@drawable/numberpicker_selection_divider</item>
    <item name="selectionDividerHeight">2dip</item>
    <item name="selectionDividersDistance">48dip</item>
    <item name="android:minWidth">64dip</item>
    <item name="android:maxHeight">180dip</item>
    <item name="virtualButtonPressedDrawable">?selectableItemBackground</item>
  </style>
  <style name="Holo.EditText.NumberPickerInputText">
    <item name="android:paddingTop">13sp</item>
    <item name="android:paddingBottom">13sp</item>
    <item name="android:paddingLeft">2sp</item>
    <item name="android:paddingRight">2sp</item>
    <item name="android:gravity">center</item>
    <item name="android:singleLine">true</item>
    <item name="android:textSize">18sp</item>
    <item name="android:background">@null</item>
  </style>
  <style name="Holo.DatePicker">
    <item name="internalLayout">@layout/date_picker_holo</item>
    <item name="calendarViewShown">false</item>
    <item name="spinnersShown">true</item>
    <item name="startYear">1900</item>
    <item name="endYear">2100</item>
    <item name="forceShownState">false</item>
  </style>
  <style name="Holo.TimePicker">
    <item name="internalLayout">@layout/time_picker_holo</item>
  </style>
  <style name="Holo.PopupWindow">
    <item name="android:popupAnimationStyle">@style/Holo.Animation.PopupWindow</item>
  </style>
  <style name="Holo.PopupWindow.Light" />
  <style name="Holo.ListPopupWindow">
    <item name="android:dropDownSelector">@drawable/list_selector_holo_dark</item>
    <item name="android:popupBackground">@drawable/menu_dropdown_panel_holo_dark</item>
    <item name="dropDownVerticalOffset">0dip</item>
    <item name="dropDownHorizontalOffset">0dip</item>
    <item name="android:dropDownWidth">wrap_content</item>
  </style>
  <style name="Holo.ListPopupWindow.Light">
    <item name="android:dropDownSelector">@drawable/list_selector_holo_light</item>
    <item name="android:popupBackground">@drawable/menu_dropdown_panel_holo_light</item>
  </style>
  <style name="Holo.AutoCompleteTextView" parent="@style/Holo.EditText">
    <item name="android:completionHintView">@layout/simple_dropdown_hint</item>
    <item name="android:completionThreshold">2</item>
    <item name="dropDownVerticalOffset">-6dip</item>
    <item name="dropDownHorizontalOffset">0dip</item>
    <item name="android:dropDownWidth">wrap_content</item>
    <item name="android:dropDownSelector">@drawable/list_selector_holo_dark</item>
    <item name="android:popupBackground">@drawable/menu_dropdown_panel_holo_dark</item>
  </style>
  <style name="Holo.AutoCompleteTextView.Light" parent="@style/Holo.EditText.Light">
    <item name="android:completionHintView">@layout/simple_dropdown_hint</item>
    <item name="android:completionThreshold">2</item>
    <item name="dropDownVerticalOffset">-6dip</item>
    <item name="dropDownHorizontalOffset">0dip</item>
    <item name="android:dropDownWidth">wrap_content</item>
    <item name="android:dropDownSelector">@drawable/list_selector_holo_light</item>
    <item name="android:popupBackground">@drawable/menu_dropdown_panel_holo_light</item>
  </style>
  <style name="Holo.DropDownItem">
    <item name="android:gravity">center_vertical</item>
    <item name="android:textAppearance">@style/Holo.TextAppearance.DropDownItem</item>
    <item name="android:paddingLeft">8dp</item>
    <item name="android:paddingRight">8dp</item>
  </style>
  <style name="Holo.TextAppearance.DropDownItem">
    <item name="android:textColor">?android:textColorPrimaryDisableOnly</item>
  </style>
  <style name="Holo.TextAppearance.PopupMenu">
    <include name="ColorsDark" />
  </style>
  <style name="Holo.TextAppearance.PopupMenu.Large">
    <item name="android:textSize">18sp</item>
  </style>
  <style name="Holo.TextAppearance.PopupMenu.Small">
    <item name="android:textSize">14sp</item>
  </style>
  <style name="Holo.TextAppearance.PopupMenu.Light">
    <include name="ColorsLight" />
  </style>
  <style name="Holo.TextAppearance.PopupMenu.Light.Large">
    <item name="android:textSize">18sp</item>
  </style>
  <style name="Holo.TextAppearance.PopupMenu.Light.Small">
    <item name="android:textSize">14sp</item>
  </style>
  <style name="Holo.Animation.PopupWindow" />
  <!-- Sherlock themes -->
  <style name="Holo.Theme.Sherlock" parent="Theme.Sherlock">
    <include name="DarkThemeData" />
  </style>
  <style name="Holo.Theme.Sherlock.NoActionBar">
    <include name="NoActionBar" />
  </style>
  <style name="Holo.Theme.Sherlock.NoActionBar.Fullscreen">
    <include name="Fullscreen" />
  </style>
  <style name="Holo.Theme.Sherlock.Fullscreen">
    <include name="Fullscreen" />
  </style>
  <style name="Holo.Theme.Sherlock.Light" parent="Theme.Sherlock.Light">
    <include name="LightThemeData" />
  </style>
  <style name="Holo.Theme.Sherlock.Light.NoActionBar">
    <include name="NoActionBar" />
  </style>
  <style name="Holo.Theme.Sherlock.Light.NoActionBar.Fullscreen">
    <include name="Fullscreen" />
  </style>
  <style name="Holo.Theme.Sherlock.Light.Fullscreen">
    <include name="Fullscreen" />
  </style>
  <style name="Holo.Theme.Sherlock.Light.DarkActionBar" parent="Theme.Sherlock.Light.DarkActionBar">
    <include name="LightThemeData" />
  </style>
  <style name="Holo.Theme.Sherlock.Light.DarkActionBar.NoActionBar">
    <include name="NoActionBar" />
  </style>
  <style name="Holo.Theme.Sherlock.Light.DarkActionBar.NoActionBar.Fullscreen">
    <include name="Fullscreen" />
  </style>
  <style name="Holo.Theme.Sherlock.Light.DarkActionBar.Fullscreen">
    <include name="Fullscreen" />
  </style>
  <!-- Standart themes -->
  <style name="Holo.Theme" parent="@android:style/Theme.Black">
    <include name="DarkThemeData" />
  </style>
  <style name="Holo.Theme.NoActionBar">
    <include name="NoActionBar" />
  </style>
  <style name="Holo.Theme.NoActionBar.Fullscreen">
    <include name="Fullscreen" />
  </style>
  <style name="Holo.Theme.Fullscreen">
    <include name="Fullscreen" />
  </style>
  <style name="Holo.Theme.Light" parent="@android:style/Theme.Light">
    <include name="LightThemeData" />
  </style>
  <style name="Holo.Theme.Light.NoActionBar">
    <include name="NoActionBar" />
  </style>
  <style name="Holo.Theme.Light.NoActionBar.Fullscreen">
    <include name="Fullscreen" />
  </style>
  <style name="Holo.Theme.Light.Fullscreen">
    <include name="Fullscreen" />
  </style>
  <style name="Holo.Theme.Light.DarkActionBar" />
  <style name="Holo.Theme.Light.DarkActionBar.NoActionBar">
    <include name="NoActionBar" />
  </style>
  <style name="Holo.Theme.Light.DarkActionBar.NoActionBar.Fullscreen">
    <include name="Fullscreen" />
  </style>
  <style name="Holo.Theme.Light.DarkActionBar.Fullscreen">
    <include name="Fullscreen" />
  </style>
  <define name="ColorsLight">
    <item name="android:textColor">@color/primary_text_holo_light</item>
    <item name="android:textColorHighlight">@color/highlighted_text_holo_light</item>
    <item name="android:textColorHint">@color/hint_foreground_holo_light</item>
  </define>
  <define name="ColorsDark">
    <item name="android:textColor">@color/primary_text_holo_dark</item>
    <item name="android:textColorHighlight">@color/highlighted_text_holo_dark</item>
    <item name="android:textColorHint">@color/hint_foreground_holo_dark</item>
  </define>
  <!-- Text colors -->
  <style name="Holo.TextAppearance">
    <include name="ColorsDark" />
    <item name="android:textColorLink">@color/holo_blue_light</item>
    <item name="android:textSize">16sp</item>
    <item name="android:textStyle">normal</item>
  </style>
  <style name="Holo.TextAppearance.Light">
    <include name="ColorsLight" />
  </style>
  <style name="Holo.TextAppearance.Inverse">
    <include name="ColorsLight" />
  </style>
  <style name="Holo.TextAppearance.Inverse.Light">
    <include name="ColorsDark" />
  </style>
  <style name="Holo.TextAppearance.Large">
    <item name="android:textSize">22sp</item>
  </style>
  <style name="Holo.TextAppearance.Large.Light">
    <include name="ColorsLight" />
  </style>
  <style name="Holo.TextAppearance.Large.Inverse">
    <include name="ColorsLight" />
  </style>
  <style name="Holo.TextAppearance.Large.Inverse.Light">
    <include name="ColorsDark" />
  </style>
  <style name="Holo.TextAppearance.Medium">
    <item name="android:textSize">18sp</item>
  </style>
  <style name="Holo.TextAppearance.Medium.Light">
    <include name="ColorsLight" />
  </style>
  <style name="Holo.TextAppearance.Medium.Inverse">
    <include name="ColorsLight" />
  </style>
  <style name="Holo.TextAppearance.Medium.Inverse.Light">
    <include name="ColorsDark" />
  </style>
  <style name="Holo.TextAppearance.Small">
    <item name="android:textSize">14sp</item>
    <item name="android:textColor">@color/secondary_text_holo_dark</item>
    <item name="android:textColorHighlight">@color/highlighted_text_holo_dark</item>
    <item name="android:textColorHint">@color/hint_foreground_holo_dark</item>
  </style>
  <style name="Holo.TextAppearance.Small.Light">
    <item name="android:textColor">@color/secondary_text_holo_light</item>
    <item name="android:textColorHighlight">@color/highlighted_text_holo_light</item>
    <item name="android:textColorHint">@color/hint_foreground_holo_light</item>
  </style>
  <style name="Holo.TextAppearance.Small.Inverse">
    <item name="android:textColor">@color/secondary_text_holo_light</item>
    <item name="android:textColorHighlight">@color/highlighted_text_holo_light</item>
    <item name="android:textColorHint">@color/hint_foreground_holo_light</item>
  </style>
  <style name="Holo.TextAppearance.Small.Inverse.Light">
    <item name="android:textColor">@color/secondary_text_holo_dark</item>
    <item name="android:textColorHighlight">@color/highlighted_text_holo_dark</item>
    <item name="android:textColorHint">@color/hint_foreground_holo_dark</item>
  </style>
  <style name="Holo.TextAppearance.DialogWindowTitle">
    <item name="android:textSize">22sp</item>
    <item name="android:textColor">@color/holo_blue_light</item>
  </style>
  <style name="Holo.TextAppearance.DialogWindowTitle.Light" parent="Holo.TextAppearance.Light">
    <item name="android:textSize">22sp</item>
    <item name="android:textColor">@color/holo_blue_light</item>
  </style>
  <style name="Holo.TextAppearance.TextView" />
  <style name="Holo.TextAppearance.TextView.SpinnerItem">
    <include name="ColorsDark" />
  </style>
  <style name="Holo.TextAppearance.TextView.SpinnerItem.Light">
    <include name="ColorsLight" />
  </style>
</resources>
